
{
  "command": {
    "controller_id": 2,
    "coffee_machine_id": 1,
    "orderID": 1,
    "DrinkName": "Americano",
    "Requesttype": "Automated",
    "Options:": [
        {"Name": "Cream", "qty": 2},
        {"Name": "Sugar", "qty": 1}
    ]
  }
}
{
  "command": {
    "controller_id": 1,
    "coffee_machine_id": 2,
    "orderID": 1,
    "DrinkName": "Expresso",
    "Requesttype": "Simple"
  }
}
{
  "command": {
    "controller_id": 2,
    "coffee_machine_id": 1,
    "orderID": 1,
    "DrinkName": "Pumkin Spice",
    "Requesttype": "Automated",
    "Options:": [
        {"Name": "Cream", "qty": 1}
    ]
  }
}
